sn,mag_conversion
snztf18,37.09977874244879
sn19rwd,34.32407398739322
sn20ano,35.63102216128501
sn20bio,32.37835594162215
sn20ikq,36.04940024148866
sn20rsc,35.64276722876721
sn21gno,32.42149919673393
sn21heh,35.353882314217174
sn21pb,35.769180492560956
sn21vgn,35.71391637244324
sn22hnt,34.62087935150961
sn22jpx,34.053229400460424
sn22qzr,34.56465240939875